                  epoch,         train/box_loss,         train/cls_loss,         train/dfl_loss,   metrics/precision(B),      metrics/recall(B),       metrics/mAP50(B),    metrics/mAP50-95(B),           val/box_loss,           val/cls_loss,           val/dfl_loss,                 lr/pg0,                 lr/pg1,                 lr/pg2
                      1,                 2.0463,                 2.7267,                 2.1306,                0.37933,                0.04698,                0.02995,                0.00754,                 2.8686,                 9.7036,                 3.2763,               0.070069,              0.0033257,              0.0033257
                      2,                 1.9538,                 2.4388,                 2.0494,                 0.2606,                 0.2628,                 0.1827,                0.06025,                 2.3742,                 4.3042,                 2.7655,               0.038751,              0.0053405,              0.0053405
                      3,                  1.889,                  2.307,                 1.9898,                0.40567,                0.37459,                0.34483,                0.13498,                 2.1101,                 2.3898,                 2.2411,              0.0061122,              0.0060354,              0.0060354
                      4,                 1.8008,                 2.1243,                 1.9103,                0.60639,                0.42093,                0.45323,                0.19828,                 1.9375,                 2.1306,                 2.1537,                0.00406,                0.00406,                0.00406
                      5,                 1.7704,                 2.0634,                 1.8731,                0.56611,                0.43907,                0.45775,                0.19882,                 1.9327,                 2.0834,                 2.1194,                0.00406,                0.00406,                0.00406
