                  epoch,         train/box_loss,         train/cls_loss,         train/dfl_loss,   metrics/precision(B),      metrics/recall(B),       metrics/mAP50(B),    metrics/mAP50-95(B),           val/box_loss,           val/cls_loss,           val/dfl_loss,                 lr/pg0,                 lr/pg1,                 lr/pg2
                      1,                  1.845,                 2.4729,                 1.9587,                0.34124,                0.36252,                0.28505,                0.09811,                 2.2296,                 2.8135,                 2.4364,               0.070069,              0.0033257,              0.0033257
                      2,                 1.8074,                 2.1571,                 1.9374,                 0.4247,                0.41894,                 0.3936,                0.17419,                 1.9583,                 2.1453,                 2.1949,               0.038751,              0.0053405,              0.0053405
                      3,                 1.7618,                 2.0501,                 1.8924,                0.55371,                0.42094,                0.43492,                0.19187,                  1.914,                 2.1642,                 2.1909,              0.0061122,              0.0060354,              0.0060354
                      4,                  1.691,                 1.8979,                   1.85,                0.64294,                0.49379,                0.53716,                0.26021,                  1.766,                 1.7798,                 2.0204,                0.00406,                0.00406,                0.00406
                      5,                  1.664,                 1.7925,                 1.7998,                0.70389,                0.50917,                 0.5602,                0.26675,                 1.8079,                 1.6956,                 2.0195,                0.00406,                0.00406,                0.00406
