                  epoch,         train/box_loss,         train/cls_loss,         train/dfl_loss,   metrics/precision(B),      metrics/recall(B),       metrics/mAP50(B),    metrics/mAP50-95(B),           val/box_loss,           val/cls_loss,           val/dfl_loss,                 lr/pg0,                 lr/pg1,                 lr/pg2
                      1,                 1.8036,                 2.9947,                 1.8794,                0.46434,                0.37621,                0.35113,                0.14961,                 1.9189,                 2.3984,                   2.01,               0.070069,              0.0033257,              0.0033257
                      2,                  1.692,                 2.1438,                  1.796,                0.40997,                0.33524,                0.28701,                0.11687,                  1.931,                 2.6237,                 2.2401,               0.038751,              0.0053405,              0.0053405
                      3,                 1.6948,                 2.0021,                 1.7939,                0.52547,                0.41169,                0.40061,                  0.186,                 1.8407,                 2.1404,                 2.0696,              0.0061122,              0.0060354,              0.0060354
                      4,                 1.6739,                 1.8943,                  1.783,                0.66948,                0.50579,                0.54406,                0.25955,                 1.7637,                 1.7527,                 1.9785,                0.00406,                0.00406,                0.00406
                      5,                 1.6404,                 1.7698,                 1.7416,                0.71907,                0.53312,                0.58495,                 0.2905,                 1.7446,                 1.6183,                 1.9494,                0.00406,                0.00406,                0.00406
